[
  {
    "Cost": "1",
    "Attack": "5",
    "Shield": "1",
    "Name": "Card1",
    "Description": "DESC",
    "ResourcePath": "/images/card1.png"
  },
  {
    "Cost": "3",
    "Attack": "15",
    "Shield": "2",
    "Name": "Card2",
    "Description": "DESC",
    "ResourcePath": "/images/card2.png"
  },
  {
    "Cost": "2",
    "Attack": "10",
    "Shield": "2",
    "Name": "Card3",
    "Description": "DESC",
    "ResourcePath": "/images/card3.png"
  },
  {
    "Cost": "4",
    "Attack": "20",
    "Shield": "3",
    "Name": "Card4",
    "Description": "DESC",
    "ResourcePath": "/images/card4.png"
  },
  {
    "Cost": "5",
    "Attack": "30",
    "Shield": "1",
    "Name": "Card5",
    "Description": "DESC",
    "ResourcePath": "/images/card5.png"
  },
  {
    "Cost": "3",
    "Attack": "15",
    "Shield": "4",
    "Name": "Card6",
    "Description": "DESC",
    "ResourcePath": "/images/card6.png"
  },
  {
    "Cost": "8",
    "Attack": "40",
    "Shield": "10",
    "Name": "Card7",
    "Description": "DESC",
    "ResourcePath": "/images/card7.png"
  },
  {
    "Cost": "6",
    "Attack": "30",
    "Shield": "10",
    "Name": "Card8",
    "Description": "DESC",
    "ResourcePath": "/images/card8.png"
  },
  {
    "Cost": "1",
    "Attack": "5",
    "Shield": "2",
    "Name": "Card9",
    "Description": "DESC",
    "ResourcePath": "/images/card9.png"
  },
  {
    "Cost": "7",
    "Attack": "35",
    "Shield": "5",
    "Name": "Card10",
    "Description": "DESC",
    "ResourcePath": "/images/card10.png"
  }
]